{
  "weights": {
    "lgbm": 0.3412043880806037,
    "xgb": 0.35458647786508984,
    "rf": 0.3042091340543064
  },
  "model_type": "weighted",
  "horizon": 5,
  "created_at": "2025-12-13T02:42:36.959631"
}