{
  "weights": {
    "lgbm": 0.3281779407661338,
    "xgb": 0.3367879778371268,
    "rf": 0.3350340813967394
  },
  "model_type": "weighted",
  "horizon": 1,
  "created_at": "2025-12-13T02:39:06.137884"
}